0,city
/wiki/Wikipedia:WikiProject_Lists#Incomplete_lists,"Salina, Kansas"
/wiki/Wikipedia:Identifying_reliable_sources,"Salina, Kansas"
"/wiki/Salina,_Kansas","Salina, Kansas"
/wiki/Kansas,"Salina, Kansas"
/wiki/Main_Page,"Salina, Kansas"
/wiki/NASA,"Salina, Kansas"
/wiki/Alexander_Brown_Mackie,"Salina, Kansas"
/wiki/Brown_Mackie_College,"Salina, Kansas"
/wiki/Kenneth_S._Davis,"Salina, Kansas"
/wiki/Steven_Hawley,"Salina, Kansas"
/wiki/Wes_Jackson,"Salina, Kansas"
/wiki/Breon_Mitchell,"Salina, Kansas"
/wiki/Tyrees_Allen,"Salina, Kansas"
/wiki/Dwight_Frye,"Salina, Kansas"
/wiki/Otto_Hulett,"Salina, Kansas"
/wiki/Betty_Knox,"Salina, Kansas"
"/wiki/Wilson,_Keppel_and_Betty","Salina, Kansas"
/wiki/George_Murdock_(actor),"Salina, Kansas"
/wiki/Thomas_Craven,"Salina, Kansas"
/wiki/Paul_Harvey,"Salina, Kansas"
/wiki/Gene_Wojciechowski,"Salina, Kansas"
/wiki/Herbie_Harper,"Salina, Kansas"
/wiki/Terry_Kirkman,"Salina, Kansas"
/wiki/The_Association,"Salina, Kansas"
/wiki/Charlie_LaVere,"Salina, Kansas"
/wiki/Evan_Lindquist,"Salina, Kansas"
/wiki/Harry_David_Lee,"Salina, Kansas"
/wiki/Lee_(Jeans),"Salina, Kansas"
/wiki/Matthew_K._Rose,"Salina, Kansas"
/wiki/Mary_Ann_Bickerdyke,"Salina, Kansas"
/wiki/Joseph_L._Bristow,"Salina, Kansas"
/wiki/United_States_Senate,"Salina, Kansas"
/wiki/Marlin_Fitzwater,"Salina, Kansas"
/wiki/White_House_Press_Secretary,"Salina, Kansas"
/wiki/Dean_M._Gillespie,"Salina, Kansas"
/wiki/United_States_House_of_Representatives,"Salina, Kansas"
/wiki/Colorado,"Salina, Kansas"
/wiki/Guy_T._Helvering,"Salina, Kansas"
"/wiki/Robert_Hugh_McWilliams,_Jr.","Salina, Kansas"
/wiki/William_A._Phillips,"Salina, Kansas"
/wiki/Joseph_Taggart,"Salina, Kansas"
/wiki/John_W._Carlin,"Salina, Kansas"
/wiki/Governor_of_Kansas,"Salina, Kansas"
/wiki/Neil_Durrance,"Salina, Kansas"
/wiki/Texas,"Salina, Kansas"
/wiki/Bill_Graves,"Salina, Kansas"
/wiki/John_F._Hayes_(Kansas_legislator),"Salina, Kansas"
/wiki/Dan_G._Johnson,"Salina, Kansas"
/wiki/Idaho,"Salina, Kansas"
/wiki/Lawton_Nuss,"Salina, Kansas"
/wiki/Kansas_Supreme_Court,"Salina, Kansas"
/wiki/Shane_Schoeller,"Salina, Kansas"
/wiki/Missouri,"Salina, Kansas"
/wiki/Wikipedia:Citation_needed,"Salina, Kansas"
/wiki/Alan_Jilka,"Salina, Kansas"
/wiki/John_Balthasar_Brungardt,"Salina, Kansas"
/wiki/Frederick_William_Freking,"Salina, Kansas"
/wiki/List_of_Kansas_Wesleyan_Coyotes_head_football_coaches,"Salina, Kansas"
/wiki/Terence_Newman,"Salina, Kansas"
/wiki/National_Football_League,"Salina, Kansas"
/wiki/Brent_Venables,"Salina, Kansas"
/wiki/Sheahon_Zenger,"Salina, Kansas"
/wiki/Bob_Cain,"Salina, Kansas"
/wiki/Luke_French,"Salina, Kansas"
/wiki/Ryan_Kohlmeier,"Salina, Kansas"
/wiki/Gene_Mauch,"Salina, Kansas"
/wiki/Pat_Meares,"Salina, Kansas"
/wiki/Ernest_C._Quigley,"Salina, Kansas"
/wiki/Bob_Swift,"Salina, Kansas"
/wiki/Kurt_Budke,"Salina, Kansas"
/wiki/Basketball,"Salina, Kansas"
/wiki/Howard_Engleman,"Salina, Kansas"
/wiki/Todd_Jadlow,"Salina, Kansas"
/wiki/Gene_Johnson_(basketball),"Salina, Kansas"
/wiki/Adrianna_Franch,"Salina, Kansas"
/wiki/Steve_Fritz,"Salina, Kansas"
/wiki/Jeremy_Petty,"Salina, Kansas"
/wiki/Portal:Biography,"Salina, Kansas"
/wiki/Portal:Kansas,"Salina, Kansas"
/wiki/Portal:Lists,"Salina, Kansas"
/wiki/Category:Lists_of_people_from_Kansas,"Salina, Kansas"
/wiki/Kansas_State_University,"Salina, Kansas"
/wiki/University_of_Michigan,"Salina, Kansas"
/wiki/Indiana_University,"Salina, Kansas"
/wiki/IMDb,"Salina, Kansas"
/wiki/The_Salina_Journal,"Salina, Kansas"
/wiki/Discogs,"Salina, Kansas"
/wiki/Allmusic,"Salina, Kansas"
/wiki/NNDB,"Salina, Kansas"
"/wiki/Lincoln,_Nebraska","Salina, Kansas"
/wiki/University_of_Nebraska_Press,"Salina, Kansas"
/wiki/Biographical_Directory_of_the_United_States_Congress,"Salina, Kansas"
/wiki/Biography_(TV_series),"Salina, Kansas"
/wiki/A%2BE_Networks,"Salina, Kansas"
/wiki/Biographical_Directory_of_Federal_Judges,"Salina, Kansas"
/wiki/Federal_Judicial_Center,"Salina, Kansas"
/wiki/Kansas_Historical_Society,"Salina, Kansas"
/wiki/Dallas_Morning_News,"Salina, Kansas"
/wiki/National_Governors_Association,"Salina, Kansas"
/wiki/The_Hutchinson_News,"Salina, Kansas"
//www.mediawiki.org/,"Salina, Kansas"
/wiki/Idaho_Legislature,"Salina, Kansas"
/wiki/Kansas_City_Kansan,"Salina, Kansas"
/wiki/Roman_Catholic_Diocese_of_Dodge_City,"Salina, Kansas"
/wiki/Lawrence_Journal-World,"Salina, Kansas"
/wiki/KJRH-TV,"Salina, Kansas"
/wiki/Help:Category,"Salina, Kansas"
/wiki/Category:Lists_of_people_by_city_in_the_United_States,"Salina, Kansas"
"/wiki/Category:People_from_Salina,_Kansas","Salina, Kansas"
/wiki/Category:CS1_maint:_Unfit_url,"Salina, Kansas"
/wiki/Category:Use_mdy_dates_from_October_2013,"Salina, Kansas"
/wiki/Category:Dynamic_lists,"Salina, Kansas"
/wiki/Category:All_articles_with_unsourced_statements,"Salina, Kansas"
/wiki/Category:Articles_with_unsourced_statements_from_June_2015,"Salina, Kansas"
/wiki/Category:Articles_with_unsourced_statements_from_April_2017,"Salina, Kansas"
"/wiki/Talk:List_of_people_from_Salina,_Kansas","Salina, Kansas"
/wiki/Special:MyContributions,"Salina, Kansas"
"/wiki/List_of_people_from_Salina,_Kansas","Salina, Kansas"
"/wiki/List_of_people_from_Salina,_Kansas","Salina, Kansas"
/wiki/Main_Page,"Salina, Kansas"
/wiki/Portal:Contents,"Salina, Kansas"
/wiki/Portal:Featured_content,"Salina, Kansas"
/wiki/Portal:Current_events,"Salina, Kansas"
/wiki/Special:Random,"Salina, Kansas"
https://donate.wikimedia.org/wiki/Special:FundraiserRedirector?utm_source=donate&utm_medium=sidebar&utm_campaign=C13_en.wikipedia.org&uselang=en,"Salina, Kansas"
/wiki/Help:Contents,"Salina, Kansas"
/wiki/Wikipedia:About,"Salina, Kansas"
/wiki/Wikipedia:Community_portal,"Salina, Kansas"
/wiki/Special:RecentChanges,"Salina, Kansas"
//en.wikipedia.org/wiki/Wikipedia:Contact_us,"Salina, Kansas"
"/wiki/Special:WhatLinksHere/List_of_people_from_Salina,_Kansas","Salina, Kansas"
"/wiki/Special:RecentChangesLinked/List_of_people_from_Salina,_Kansas","Salina, Kansas"
/wiki/Wikipedia:File_Upload_Wizard,"Salina, Kansas"
/wiki/Special:SpecialPages,"Salina, Kansas"
https://www.wikidata.org/wiki/Special:EntityPage/Q6632736,"Salina, Kansas"
https://www.wikidata.org/wiki/Special:EntityPage/Q6632736#sitelinks-wikipedia,"Salina, Kansas"
//en.wikipedia.org/wiki/Wikipedia:Text_of_Creative_Commons_Attribution-ShareAlike_3.0_Unported_License,"Salina, Kansas"
//foundation.wikimedia.org/wiki/Terms_of_Use,"Salina, Kansas"
//foundation.wikimedia.org/wiki/Privacy_policy,"Salina, Kansas"
https://foundation.wikimedia.org/wiki/Privacy_policy,"Salina, Kansas"
/wiki/Wikipedia:General_disclaimer,"Salina, Kansas"
//en.wikipedia.org/wiki/Wikipedia:Contact_us,"Salina, Kansas"
https://www.mediawiki.org/wiki/Special:MyLanguage/How_to_contribute,"Salina, Kansas"
https://foundation.wikimedia.org/wiki/Cookie_statement,"Salina, Kansas"
